{
    "openapi": "3.0.0",
    "info": {
        "title": "PikPakGo API Documentation",
        "description": "Complete API documentation for PikPakGo - Unified Travel Marketplace",
        "contact": {
            "email": "reservations@pikpakgo.com"
        },
        "version": "1.0.0"
    },
    "servers": [
        {
            "url": "http://localhost:8000/api",
            "description": "Local Development Server"
        },
        {
            "url": "https://api.pikpakgo.com/api",
            "description": "Production Server"
        }
    ],
    "paths": {
        "/auth/register": {
            "post": {
                "tags": [
                    "Authentication"
                ],
                "summary": "Register new user",
                "description": "Register a new user (customer, host, or agency)",
                "operationId": "08136088c4862c313b35d6518bab8d3a",
                "requestBody": {
                    "required": true,
                    "content": {
                        "application/json": {
                            "schema": {
                                "required": [
                                    "first_name",
                                    "last_name",
                                    "email",
                                    "password",
                                    "password_confirmation",
                                    "user_type"
                                ],
                                "properties": {
                                    "first_name": {
                                        "type": "string",
                                        "example": "John"
                                    },
                                    "last_name": {
                                        "type": "string",
                                        "example": "Doe"
                                    },
                                    "email": {
                                        "type": "string",
                                        "format": "email",
                                        "example": "john@example.com"
                                    },
                                    "password": {
                                        "type": "string",
                                        "format": "password",
                                        "example": "password123"
                                    },
                                    "password_confirmation": {
                                        "type": "string",
                                        "format": "password",
                                        "example": "password123"
                                    },
                                    "phone": {
                                        "type": "string",
                                        "example": "+1234567890"
                                    },
                                    "phone_country_code": {
                                        "type": "string",
                                        "example": "+1"
                                    },
                                    "user_type": {
                                        "type": "string",
                                        "enum": [
                                            "customer",
                                            "host",
                                            "agency"
                                        ],
                                        "example": "customer"
                                    },
                                    "country": {
                                        "type": "string",
                                        "example": "USA"
                                    },
                                    "preferred_currency": {
                                        "type": "string",
                                        "example": "USD"
                                    },
                                    "preferred_language": {
                                        "type": "string",
                                        "example": "en"
                                    },
                                    "host_profile": {
                                        "description": "Required only for host registration",
                                        "properties": {
                                            "business_name": {
                                                "type": "string"
                                            },
                                            "business_registration_number": {
                                                "type": "string"
                                            },
                                            "bio": {
                                                "type": "string"
                                            }
                                        },
                                        "type": "object"
                                    },
                                    "agency_profile": {
                                        "description": "Required only for agency registration",
                                        "properties": {
                                            "agency_name": {
                                                "type": "string"
                                            },
                                            "agency_registration_number": {
                                                "type": "string"
                                            },
                                            "tax_id": {
                                                "type": "string"
                                            },
                                            "website": {
                                                "type": "string"
                                            }
                                        },
                                        "type": "object"
                                    }
                                },
                                "type": "object"
                            }
                        }
                    }
                },
                "responses": {
                    "201": {
                        "description": "User registered successfully",
                        "content": {
                            "application/json": {
                                "schema": {
                                    "properties": {
                                        "success": {
                                            "type": "boolean",
                                            "example": true
                                        },
                                        "message": {
                                            "type": "string",
                                            "example": "Registration successful"
                                        },
                                        "data": {
                                            "properties": {
                                                "user": {
                                                    "$ref": "#/components/schemas/User"
                                                },
                                                "token": {
                                                    "type": "string",
                                                    "example": "eyJ0eXAiOiJKV1QiLCJh..."
                                                },
                                                "token_type": {
                                                    "type": "string",
                                                    "example": "bearer"
                                                }
                                            },
                                            "type": "object"
                                        }
                                    },
                                    "type": "object"
                                }
                            }
                        }
                    },
                    "422": {
                        "description": "Validation error"
                    }
                }
            }
        },
        "/auth/login": {
            "post": {
                "tags": [
                    "Authentication"
                ],
                "summary": "User login",
                "description": "Authenticate user and return JWT token",
                "operationId": "99d66635c4992aeaa6aa44ff653d0563",
                "requestBody": {
                    "required": true,
                    "content": {
                        "application/json": {
                            "schema": {
                                "required": [
                                    "email",
                                    "password"
                                ],
                                "properties": {
                                    "email": {
                                        "type": "string",
                                        "format": "email",
                                        "example": "john@example.com"
                                    },
                                    "password": {
                                        "type": "string",
                                        "format": "password",
                                        "example": "password123"
                                    },
                                    "remember_me": {
                                        "type": "boolean",
                                        "example": false
                                    }
                                },
                                "type": "object"
                            }
                        }
                    }
                },
                "responses": {
                    "200": {
                        "description": "Login successful",
                        "content": {
                            "application/json": {
                                "schema": {
                                    "properties": {
                                        "success": {
                                            "type": "boolean",
                                            "example": true
                                        },
                                        "message": {
                                            "type": "string",
                                            "example": "Login successful"
                                        },
                                        "data": {
                                            "properties": {
                                                "user": {
                                                    "$ref": "#/components/schemas/User"
                                                },
                                                "token": {
                                                    "type": "string"
                                                },
                                                "token_type": {
                                                    "type": "string",
                                                    "example": "bearer"
                                                },
                                                "expires_in": {
                                                    "type": "integer",
                                                    "example": 3600
                                                }
                                            },
                                            "type": "object"
                                        }
                                    },
                                    "type": "object"
                                }
                            }
                        }
                    },
                    "401": {
                        "description": "Invalid credentials"
                    },
                    "403": {
                        "description": "Account suspended or inactive"
                    }
                }
            }
        },
        "/auth/logout": {
            "post": {
                "tags": [
                    "Authentication"
                ],
                "summary": "User logout",
                "description": "Logout user and invalidate token",
                "operationId": "6abf3b64a4bc7838d56346f05a5153af",
                "responses": {
                    "200": {
                        "description": "Logout successful",
                        "content": {
                            "application/json": {
                                "schema": {
                                    "properties": {
                                        "success": {
                                            "type": "boolean",
                                            "example": true
                                        },
                                        "message": {
                                            "type": "string",
                                            "example": "Logout successful"
                                        }
                                    },
                                    "type": "object"
                                }
                            }
                        }
                    },
                    "401": {
                        "description": "Unauthenticated"
                    }
                },
                "security": [
                    {
                        "bearerAuth": []
                    }
                ]
            }
        },
        "/auth/refresh": {
            "post": {
                "tags": [
                    "Authentication"
                ],
                "summary": "Refresh token",
                "description": "Refresh JWT token",
                "operationId": "e7ab7446393758bb71fd1946a349e500",
                "responses": {
                    "200": {
                        "description": "Token refreshed",
                        "content": {
                            "application/json": {
                                "schema": {
                                    "properties": {
                                        "success": {
                                            "type": "boolean",
                                            "example": true
                                        },
                                        "data": {
                                            "properties": {
                                                "token": {
                                                    "type": "string"
                                                },
                                                "token_type": {
                                                    "type": "string",
                                                    "example": "bearer"
                                                },
                                                "expires_in": {
                                                    "type": "integer",
                                                    "example": 3600
                                                }
                                            },
                                            "type": "object"
                                        }
                                    },
                                    "type": "object"
                                }
                            }
                        }
                    },
                    "401": {
                        "description": "Token invalid"
                    }
                },
                "security": [
                    {
                        "bearerAuth": []
                    }
                ]
            }
        },
        "/auth/me": {
            "get": {
                "tags": [
                    "Authentication"
                ],
                "summary": "Get current user",
                "description": "Get authenticated user information",
                "operationId": "7edae2cdbaafc10dff8c9c4198b320a2",
                "responses": {
                    "200": {
                        "description": "User information retrieved",
                        "content": {
                            "application/json": {
                                "schema": {
                                    "properties": {
                                        "success": {
                                            "type": "boolean",
                                            "example": true
                                        },
                                        "data": {
                                            "$ref": "#/components/schemas/User"
                                        }
                                    },
                                    "type": "object"
                                }
                            }
                        }
                    },
                    "401": {
                        "description": "Unauthenticated"
                    }
                },
                "security": [
                    {
                        "bearerAuth": []
                    }
                ]
            }
        },
        "/performance/cache-stats": {
            "get": {
                "tags": [
                    "Performance"
                ],
                "summary": "Get Redis cache statistics",
                "description": "Returns comprehensive Redis cache performance metrics",
                "operationId": "0a0a0a6249b8a3921686a86861b9ddda",
                "responses": {
                    "200": {
                        "description": "Cache statistics retrieved successfully",
                        "content": {
                            "application/json": {
                                "schema": {
                                    "properties": {
                                        "success": {
                                            "type": "boolean",
                                            "example": true
                                        },
                                        "data": {
                                            "properties": {
                                                "connected_clients": {
                                                    "type": "integer",
                                                    "example": 5
                                                },
                                                "used_memory_human": {
                                                    "type": "string",
                                                    "example": "2.5M"
                                                },
                                                "total_keys": {
                                                    "type": "integer",
                                                    "example": 1250
                                                },
                                                "hit_rate": {
                                                    "type": "string",
                                                    "example": "95.23%"
                                                }
                                            },
                                            "type": "object"
                                        }
                                    },
                                    "type": "object"
                                }
                            }
                        }
                    },
                    "401": {
                        "description": "Unauthenticated"
                    }
                },
                "security": [
                    {
                        "bearerAuth": []
                    }
                ]
            }
        },
        "/performance/database-stats": {
            "get": {
                "tags": [
                    "Performance"
                ],
                "summary": "Get database statistics",
                "description": "Returns database connection and performance metrics",
                "operationId": "bd0885f393ed7bbff00816c4917131c8",
                "responses": {
                    "200": {
                        "description": "Database statistics retrieved successfully",
                        "content": {
                            "application/json": {
                                "schema": {
                                    "properties": {
                                        "success": {
                                            "type": "boolean",
                                            "example": true
                                        },
                                        "data": {
                                            "properties": {
                                                "connection": {
                                                    "type": "string",
                                                    "example": "mysql"
                                                },
                                                "total_users": {
                                                    "type": "integer",
                                                    "example": 15234
                                                },
                                                "active_users": {
                                                    "type": "integer",
                                                    "example": 12450
                                                },
                                                "database_size": {
                                                    "type": "string",
                                                    "example": "125.3 MB"
                                                }
                                            },
                                            "type": "object"
                                        }
                                    },
                                    "type": "object"
                                }
                            }
                        }
                    },
                    "401": {
                        "description": "Unauthenticated"
                    }
                },
                "security": [
                    {
                        "bearerAuth": []
                    }
                ]
            }
        },
        "/performance/health": {
            "get": {
                "tags": [
                    "Performance"
                ],
                "summary": "Health check",
                "description": "Check application health including database and Redis connectivity",
                "operationId": "d254078f4b8849d7ec6c9980b8fb5049",
                "responses": {
                    "200": {
                        "description": "Application is healthy",
                        "content": {
                            "application/json": {
                                "schema": {
                                    "properties": {
                                        "success": {
                                            "type": "boolean",
                                            "example": true
                                        },
                                        "message": {
                                            "type": "string",
                                            "example": "Application is healthy"
                                        },
                                        "data": {
                                            "properties": {
                                                "database": {
                                                    "type": "string",
                                                    "example": "connected"
                                                },
                                                "redis": {
                                                    "type": "string",
                                                    "example": "connected"
                                                },
                                                "timestamp": {
                                                    "type": "string",
                                                    "example": "2024-12-22T10:30:00Z"
                                                }
                                            },
                                            "type": "object"
                                        }
                                    },
                                    "type": "object"
                                }
                            }
                        }
                    },
                    "503": {
                        "description": "Service unavailable"
                    }
                }
            }
        },
        "/performance/clear-cache": {
            "post": {
                "tags": [
                    "Performance"
                ],
                "summary": "Clear application cache",
                "description": "Clear all application caches (admin only)",
                "operationId": "fe2cc25eaae635f0119ebdd389a76000",
                "requestBody": {
                    "required": false,
                    "content": {
                        "application/json": {
                            "schema": {
                                "properties": {
                                    "type": {
                                        "type": "string",
                                        "enum": [
                                            "all",
                                            "users",
                                            "config"
                                        ],
                                        "example": "all"
                                    }
                                },
                                "type": "object"
                            }
                        }
                    }
                },
                "responses": {
                    "200": {
                        "description": "Cache cleared successfully",
                        "content": {
                            "application/json": {
                                "schema": {
                                    "properties": {
                                        "success": {
                                            "type": "boolean",
                                            "example": true
                                        },
                                        "message": {
                                            "type": "string",
                                            "example": "Cache cleared successfully"
                                        }
                                    },
                                    "type": "object"
                                }
                            }
                        }
                    },
                    "401": {
                        "description": "Unauthenticated"
                    },
                    "403": {
                        "description": "Unauthorized - Admin only"
                    }
                },
                "security": [
                    {
                        "bearerAuth": []
                    }
                ]
            }
        }
    },
    "components": {
        "schemas": {
            "User": {
                "title": "User",
                "properties": {
                    "id": {
                        "type": "integer",
                        "example": 1
                    },
                    "first_name": {
                        "type": "string",
                        "example": "John"
                    },
                    "last_name": {
                        "type": "string",
                        "example": "Doe"
                    },
                    "full_name": {
                        "type": "string",
                        "example": "John Doe"
                    },
                    "email": {
                        "type": "string",
                        "example": "john@example.com"
                    },
                    "phone": {
                        "type": "string",
                        "example": "+1234567890"
                    },
                    "user_type": {
                        "type": "string",
                        "example": "customer"
                    },
                    "status": {
                        "type": "string",
                        "example": "active"
                    },
                    "email_verified": {
                        "type": "boolean",
                        "example": true
                    },
                    "country": {
                        "type": "string",
                        "example": "USA"
                    },
                    "preferred_currency": {
                        "type": "string",
                        "example": "USD"
                    },
                    "preferred_language": {
                        "type": "string",
                        "example": "en"
                    }
                },
                "type": "object"
            }
        },
        "securitySchemes": {
            "bearerAuth": {
                "type": "http",
                "scheme": "bearer",
                "bearerFormat": "JWT"
            }
        }
    },
    "tags": [
        {
            "name": "Performance",
            "description": "Performance monitoring and cache statistics"
        },
        {
            "name": "Authentication",
            "description": "Authentication"
        }
    ],
    "security": [
        {
            "bearerAuth": []
        }
    ]
}