{
  "info": {
    "name": "PikPakGo API - Authentication Module",
    "description": "Complete authentication endpoints for PikPakGo API",
    "schema": "https://schema.getpostman.com/json/collection/v2.1.0/collection.json"
  },
  "auth": {
    "type": "bearer",
    "bearer": [
      {
        "key": "token",
        "value": "{{jwt_token}}",
        "type": "string"
      }
    ]
  },
  "variable": [
    {
      "key": "base_url",
      "value": "http://localhost:8000/api",
      "type": "string"
    },
    {
      "key": "jwt_token",
      "value": "",
      "type": "string"
    }
  ],
  "item": [
    {
      "name": "Auth",
      "item": [
        {
          "name": "Register Customer",
          "request": {
            "method": "POST",
            "header": [
              {
                "key": "Content-Type",
                "value": "application/json"
              }
            ],
            "body": {
              "mode": "raw",
              "raw": "{\n    \"first_name\": \"John\",\n    \"last_name\": \"Doe\",\n    \"email\": \"john@example.com\",\n    \"password\": \"password123\",\n    \"password_confirmation\": \"password123\",\n    \"phone\": \"+1234567890\",\n    \"user_type\": \"customer\",\n    \"country\": \"USA\",\n    \"preferred_currency\": \"USD\",\n    \"preferred_language\": \"en\"\n}"
            },
            "url": {
              "raw": "{{base_url}}/auth/register",
              "host": ["{{base_url}}"],
              "path": ["auth", "register"]
            }
          }
        },
        {
          "name": "Register Host",
          "request": {
            "method": "POST",
            "header": [
              {
                "key": "Content-Type",
                "value": "application/json"
              }
            ],
            "body": {
              "mode": "raw",
              "raw": "{\n    \"first_name\": \"Jane\",\n    \"last_name\": \"Smith\",\n    \"email\": \"jane@example.com\",\n    \"password\": \"password123\",\n    \"password_confirmation\": \"password123\",\n    \"user_type\": \"host\",\n    \"host_profile\": {\n        \"business_name\": \"Luxury Rentals LLC\",\n        \"business_registration_number\": \"REG123456\",\n        \"bio\": \"Professional property management with 10+ years experience\"\n    }\n}"
            },
            "url": {
              "raw": "{{base_url}}/auth/register",
              "host": ["{{base_url}}"],
              "path": ["auth", "register"]
            }
          }
        },
        {
          "name": "Register Agency",
          "request": {
            "method": "POST",
            "header": [
              {
                "key": "Content-Type",
                "value": "application/json"
              }
            ],
            "body": {
              "mode": "raw",
              "raw": "{\n    \"first_name\": \"Mike\",\n    \"last_name\": \"Johnson\",\n    \"email\": \"mike@travelagency.com\",\n    \"password\": \"password123\",\n    \"password_confirmation\": \"password123\",\n    \"user_type\": \"agency\",\n    \"agency_profile\": {\n        \"agency_name\": \"Global Travel Agency\",\n        \"agency_registration_number\": \"AGY123456\",\n        \"tax_id\": \"TAX123456\",\n        \"website\": \"https://globaltravelagency.com\"\n    }\n}"
            },
            "url": {
              "raw": "{{base_url}}/auth/register",
              "host": ["{{base_url}}"],
              "path": ["auth", "register"]
            }
          }
        },
        {
          "name": "Login",
          "event": [
            {
              "listen": "test",
              "script": {
                "exec": [
                  "var jsonData = pm.response.json();",
                  "if (jsonData.data && jsonData.data.token) {",
                  "    pm.collectionVariables.set(\"jwt_token\", jsonData.data.token);",
                  "}"
                ]
              }
            }
          ],
          "request": {
            "method": "POST",
            "header": [
              {
                "key": "Content-Type",
                "value": "application/json"
              }
            ],
            "body": {
              "mode": "raw",
              "raw": "{\n    \"email\": \"john@example.com\",\n    \"password\": \"password123\",\n    \"remember_me\": false\n}"
            },
            "url": {
              "raw": "{{base_url}}/auth/login",
              "host": ["{{base_url}}"],
              "path": ["auth", "login"]
            }
          }
        },
        {
          "name": "Get Current User",
          "request": {
            "auth": {
              "type": "bearer",
              "bearer": [
                {
                  "key": "token",
                  "value": "{{jwt_token}}",
                  "type": "string"
                }
              ]
            },
            "method": "GET",
            "header": [],
            "url": {
              "raw": "{{base_url}}/auth/me",
              "host": ["{{base_url}}"],
              "path": ["auth", "me"]
            }
          }
        },
        {
          "name": "Refresh Token",
          "event": [
            {
              "listen": "test",
              "script": {
                "exec": [
                  "var jsonData = pm.response.json();",
                  "if (jsonData.data && jsonData.data.token) {",
                  "    pm.collectionVariables.set(\"jwt_token\", jsonData.data.token);",
                  "}"
                ]
              }
            }
          ],
          "request": {
            "auth": {
              "type": "bearer",
              "bearer": [
                {
                  "key": "token",
                  "value": "{{jwt_token}}",
                  "type": "string"
                }
              ]
            },
            "method": "POST",
            "header": [],
            "url": {
              "raw": "{{base_url}}/auth/refresh",
              "host": ["{{base_url}}"],
              "path": ["auth", "refresh"]
            }
          }
        },
        {
          "name": "Logout",
          "request": {
            "auth": {
              "type": "bearer",
              "bearer": [
                {
                  "key": "token",
                  "value": "{{jwt_token}}",
                  "type": "string"
                }
              ]
            },
            "method": "POST",
            "header": [],
            "url": {
              "raw": "{{base_url}}/auth/logout",
              "host": ["{{base_url}}"],
              "path": ["auth", "logout"]
            }
          }
        },
        {
          "name": "Change Password",
          "request": {
            "auth": {
              "type": "bearer",
              "bearer": [
                {
                  "key": "token",
                  "value": "{{jwt_token}}",
                  "type": "string"
                }
              ]
            },
            "method": "POST",
            "header": [
              {
                "key": "Content-Type",
                "value": "application/json"
              }
            ],
            "body": {
              "mode": "raw",
              "raw": "{\n    \"current_password\": \"password123\",\n    \"password\": \"newpassword123\",\n    \"password_confirmation\": \"newpassword123\"\n}"
            },
            "url": {
              "raw": "{{base_url}}/auth/change-password",
              "host": ["{{base_url}}"],
              "path": ["auth", "change-password"]
            }
          }
        },
        {
          "name": "Forgot Password",
          "request": {
            "method": "POST",
            "header": [
              {
                "key": "Content-Type",
                "value": "application/json"
              }
            ],
            "body": {
              "mode": "raw",
              "raw": "{\n    \"email\": \"john@example.com\"\n}"
            },
            "url": {
              "raw": "{{base_url}}/auth/forgot-password",
              "host": ["{{base_url}}"],
              "path": ["auth", "forgot-password"]
            }
          }
        },
        {
          "name": "Reset Password",
          "request": {
            "method": "POST",
            "header": [
              {
                "key": "Content-Type",
                "value": "application/json"
              }
            ],
            "body": {
              "mode": "raw",
              "raw": "{\n    \"token\": \"reset_token_here\",\n    \"password\": \"newpassword123\",\n    \"password_confirmation\": \"newpassword123\"\n}"
            },
            "url": {
              "raw": "{{base_url}}/auth/reset-password",
              "host": ["{{base_url}}"],
              "path": ["auth", "reset-password"]
            }
          }
        },
        {
          "name": "Verify Email",
          "request": {
            "method": "POST",
            "header": [],
            "url": {
              "raw": "{{base_url}}/auth/verify-email/{token}",
              "host": ["{{base_url}}"],
              "path": ["auth", "verify-email", "{token}"]
            }
          }
        },
        {
          "name": "Resend Verification",
          "request": {
            "method": "POST",
            "header": [
              {
                "key": "Content-Type",
                "value": "application/json"
              }
            ],
            "body": {
              "mode": "raw",
              "raw": "{\n    \"email\": \"john@example.com\"\n}"
            },
            "url": {
              "raw": "{{base_url}}/auth/resend-verification",
              "host": ["{{base_url}}"],
              "path": ["auth", "resend-verification"]
            }
          }
        }
      ]
    }
  ]
}
